0,1,2,3,4,5,6,7,8,9,10,11,12,13,14,15,16,17,18,19,20,21,22,23,24,25,26,27,28,29,30,31,32,33,34,35,36,37,38,39,40,41,42,43,44,45,46,47,48,49,50,51,52,53,54,55,56,57,58,59,60,61,62,63,64,65,66,67,68,69,70,71,72,73,74,75,76,77,78,79,80,81,82,83,84,85,86,87,88,89,90,91,92,93,94,95,96,97,98,99,100,101,102,103,104,105,106,107,108,109,110,111,cell
1.6961651,-2.8696458,-0.39294016,-0.67058474,1.9980135,-0.048206717,-1.4527999,-1.1581037,-1.9553081,-0.059511527,-1.3957882,-0.9807455,1.2991105,-0.28203967,1.6351895,-0.43872368,-0.36959615,1.1760879,-0.17266709,-2.2635162,-0.78598917,-0.035890136,0.38118425,-0.1999198,1.4859895,1.4585121,1.9341396,0.6416006,-1.1173487,-0.06758814,-1.2166892,-0.7123435,-2.2456138,0.17259936,-0.7860238,-1.523499,-0.54317814,-1.2749592,-0.7267592,0.9921116,-0.5039364,-1.1325912,-1.6271983,1.9208357,0.46553302,-1.1842322,-1.3203666,0.79435086,-1.0734978,0.28357664,-1.7031305,-0.17690095,0.5029947,0.91059756,2.3236146,0.63633627,-0.76831037,1.7731774,-0.85581994,0.2904696,1.2907205,-0.81394565,-1.1436261,0.45777756,2.0132327,-0.95957756,0.7559276,-1.3627129,-0.83785254,-1.2954541,1.8456911,1.5190521,0.15105605,-1.0330834,-2.1670141,-0.72752,-1.4444093,1.900021,1.3777779,0.8375124,-1.0006464,0.6642546,0.8577591,0.45437372,0.84875077,0.06547848,-2.0667255,2.61853,0.91713953,0.30626643,-1.3692588,-1.556216,-0.28987396,-1.4058214,-1.864404,-1.9237545,-0.6407646,0.04816519,-1.5034993,0.90025914,0.8625662,-1.0182941,-0.007910568,0.71904933,-1.6385347,-1.053735,1.3304019,-0.13562462,-1.4130231,-1.2463527,-0.2217401,-2.4627135,CAKI-1
0.37072688,1.6663702,-0.23644891,2.133416,2.5728698,-0.0032111118,1.4892983,-1.6385595,-0.3874235,2.224116,0.1867307,-0.7565338,1.5229268,-2.0127647,0.3809265,-0.6783829,-0.41344896,0.24414226,0.5584377,-1.1362991,-0.82358205,0.66498005,2.102304,0.688163,0.84353113,-0.72607684,-0.3097274,-0.2587538,-0.033456378,-1.5310133,1.1881384,-1.6609415,0.17812116,1.3134568,-0.38414702,-0.55394435,0.93105066,-0.65411776,-1.1717939,1.1486692,0.23218282,1.9946471,-0.56102353,-1.3531015,0.141872,-2.6690946,-1.3087478,1.8177623,-0.29342085,0.68960935,0.7362545,0.44059405,0.7156421,-1.5269756,0.424841,-0.5347159,0.96228504,-0.5152751,-1.0289849,0.051718287,0.43019113,1.1786411,-0.28669855,-1.1668375,0.8602413,-0.11386563,1.2364362,0.65598065,-0.19176976,1.5662533,-0.6467966,-0.4084171,0.32272542,-1.172496,-1.7334788,-0.9801214,0.6902539,-0.7708072,1.90318,-1.0306937,-0.74039257,1.6313984,-0.9253661,-1.2393041,0.3999825,-0.5100462,0.9619147,0.9664034,2.291257,-1.1693592,-0.059257347,-1.5249066,-1.4173356,-0.5264257,-1.0020896,-1.5535887,-0.7677245,-2.610945,-1.72342,-0.09245451,-1.9924769,-1.1568348,-2.000056,1.1234354,-1.2692815,-0.5120242,0.3773837,-0.43476534,-1.4057026,-1.5872777,-0.7889023,-1.2329259,NCI-H226
-0.21371962,2.1017892,0.34719354,0.99809355,-0.39651877,3.6953976,2.5724683,1.0966765,0.4451059,2.4165196,-0.6218238,-1.4018105,-2.1913667,-1.2427417,0.23522797,-1.6188711,1.520252,-0.5920898,0.47872412,-1.4665837,0.18954745,0.6105537,0.8031704,-0.23193929,2.7862859,0.6444509,0.20400111,-1.2256963,-0.70478797,-0.6086047,2.5130541,-1.9245275,-0.87490535,-1.389289,-0.8381953,-0.2851625,0.0746823,0.56334955,-1.9149851,-0.3230758,0.014760969,2.1718001,2.979333,-0.23599398,0.97855127,-0.32553852,0.9220915,2.414858,1.7177037,-2.142058,-2.479923,2.535013,1.2762213,0.68959177,2.125444,0.7576169,-0.8411134,0.037819706,1.5849577,-0.8829316,1.0500152,0.7434029,0.40199405,-1.4649016,1.3235353,-0.049245298,-1.3625785,0.39000437,-1.0934471,0.46043316,2.4573047,-2.0063987,1.7117412,0.2910972,-0.3490641,-0.5148672,-0.09060233,-1.6169987,0.9255001,-0.5673858,1.7709785,-1.5950613,-0.06381344,-1.6933477,1.0234777,1.3985851,1.250205,0.46387133,-0.13684355,-1.4001601,-0.33318275,-1.0143186,-1.3258094,-0.58799636,-2.401826,2.2139816,-0.105215415,-1.1502509,-1.1334251,-0.93243724,-0.1427266,-0.6075978,-0.33349946,-1.8154455,0.18303643,0.9998904,-0.20520282,0.32198444,-1.3578311,0.029936286,-0.70557696,-2.1540482,NCI-H322M
0.02335946,1.8988189,0.40920463,1.2135237,1.8239002,-0.10687662,1.745756,0.69352776,-2.944059,-1.7699589,-0.695012,1.6890452,1.0285498,1.5191058,-0.95888937,1.877389,0.8397263,-1.080196,-1.0938615,-0.11677761,1.5036848,0.2533416,0.58668476,0.706512,-0.52600724,0.75947607,-0.44276914,-0.14793102,1.701044,0.13193993,-0.6469215,-2.9832015,0.9439256,-1.659845,-1.9766892,0.016762724,3.1902041,1.3222669,-4.3981495,-1.2719886,3.1164918,0.10623494,1.4544383,-1.9501505,-0.27643204,-0.26313558,-2.107565,0.5803733,-0.7616927,-0.68139565,-0.6903204,-0.061993357,2.8899312,1.2137399,0.23464589,2.0842638,1.6090289,0.45390248,-1.5123904,-1.3731599,1.4853342,2.7379534,-2.4583623,-1.1057144,0.98409694,-0.1041159,0.6516636,-0.9397384,-1.3834845,0.88700753,-1.5316525,-1.4180598,-0.12216126,2.397989,1.3383371,-1.1117901,-0.9641681,1.5676357,0.24164148,2.3919632,-0.53723234,0.35562164,0.95803076,-0.5823975,2.3297577,3.6297708,0.55745345,-0.44328785,3.1030326,-0.1963145,-1.2732878,-0.22243047,-1.3446544,-4.809714,-2.2254505,-0.5983822,0.30658227,-1.8204622,-0.5960675,-1.0866828,-0.7245519,-0.41246006,-0.024446324,-0.38506627,0.036764514,1.6728514,0.08503227,-0.99599,-3.525777,-1.4503667,0.4668721,-1.7133033,T-47D
0.97112775,2.352186,2.7999191,-1.9310342,-0.42721352,2.7934368,0.5279359,0.17226724,-1.2650603,-0.6865498,0.326243,-1.0279496,1.9895593,0.28358254,0.94168204,-0.245659,-0.47098947,2.1353579,-0.025191637,0.9266018,-0.49759388,-0.07731824,-0.15851915,0.31334582,-0.31005985,1.4402294,0.6725818,-0.6488713,1.0155358,0.071935564,-1.078394,2.2379498,-0.19212034,1.0256985,1.2102642,1.7918733,2.2654183,0.94801104,-3.0713909,-0.45530644,-0.93342435,3.0211077,-0.55050874,0.20428059,-0.4195548,-0.79798657,-2.1772113,-2.7242723,4.2223377,0.90759116,0.2485813,-0.96686447,0.3240145,-3.0067,1.5040854,-0.14183484,-0.91675216,0.68045986,0.39598268,-1.6571413,-1.1451164,0.20432371,-0.08994033,-2.0189283,1.2182091,-0.447676,0.43729028,0.27425227,-0.4671989,0.34301907,-0.010416332,-3.2344394,2.176617,-0.13716322,0.5714604,1.5386945,1.1471426,2.3998764,1.6677701,2.5536911,-0.9809123,3.470226,1.6786255,-1.4378145,0.5381235,0.27207723,-0.24571206,-0.004146635,1.6535946,-2.3842206,-0.5349258,-1.2261276,-0.03218338,-0.48813358,1.5152199,-0.4207178,-0.35595894,-1.4071633,0.6614643,0.033478197,-0.5997946,-2.0480943,-1.8646356,-2.2738419,0.9890328,1.7772485,0.8564634,0.07848039,-0.9232348,1.6342862,-1.3610848,0.72963506,SK-MEL-28
-0.48915452,-0.2606045,0.44740406,0.35964552,-1.4922878,0.2892587,0.44835967,0.072094455,-0.21954745,0.31537393,2.382715,0.25077116,1.2900469,2.3524766,0.3187986,1.4579924,-0.30269632,-0.63162416,-1.8067621,0.66181004,1.5343251,1.4297639,0.11944433,1.9336191,0.7452669,-0.62517387,-0.06827923,0.35455137,-0.30219296,1.5564611,-1.4760559,-1.7010368,-0.5716031,2.0144322,0.3566561,-0.28030235,-0.31637818,-1.4282475,0.43494296,-1.1527936,-1.2967341,1.9497123,-2.4856443,0.25618258,-0.94234496,-0.46221122,-1.585588,-1.0002885,-1.0967185,-1.2791883,-0.029048024,-0.835777,0.46101472,0.08626551,0.472841,0.8468102,-1.4960012,0.72695076,0.08984958,-2.1961596,1.3975176,-1.0066303,0.058708224,-1.5516346,-1.8550514,-3.004719,2.3800437,-0.45509455,0.27649534,-0.6558553,-0.32165805,-0.62039053,-1.9866048,-0.4822566,-2.9070344,1.4597255,-2.1851265,0.29202294,-0.16716278,-0.026183372,-0.22989085,-0.32505915,-0.80920666,-1.9784237,-0.3023941,2.1697114,-2.4112494,-1.3161922,1.6684333,-0.46346042,2.2167497,0.4215599,0.6132084,-1.9235564,-0.6408949,0.29408064,-0.32609874,0.9649983,-2.2762902,-0.94607055,-1.8513532,-2.3381393,0.21794304,2.253788,1.2737834,-1.7604997,0.8080556,-0.44119066,-0.31384736,0.15637155,-2.5116012,-0.33459404,OVCAR-4
0.6014869,3.3187926,-0.93863845,-0.7271696,-0.30696568,-1.4695175,0.14153731,1.0882696,-0.79560393,0.9875023,0.65838736,1.8578844,1.4755988,-1.0141283,0.40072578,0.07615151,1.3726624,-0.48619533,-0.03438992,0.2442126,-1.8823044,0.43568194,0.9417095,0.1612574,1.8689767,-0.20736232,1.1817061,-2.6652856,-1.9374619,-0.4047293,-1.0277551,-2.3477588,0.77794206,0.5690679,0.6383313,-0.3394179,1.7895269,-0.27225193,-0.5308825,-2.3482583,-2.4034855,1.1807852,-0.55905014,0.008760272,0.41203967,-0.12956327,-3.1853266,0.20188516,2.188715,-0.6966549,-1.3772069,-0.19946869,2.1144018,2.296701,-1.2249466,-0.8541895,0.9188828,1.8683313,0.6381205,-0.34815165,-0.23169087,0.3506598,0.11172956,1.0013169,1.6096046,-3.5076065,-1.8167466,-0.37768054,-1.9631985,1.6212922,1.7099564,-0.055143494,-2.3132365,1.0750487,-1.526201,-2.313154,-3.1464589,-0.13498634,0.13246366,0.08002987,-1.0574418,1.1768587,-0.42462116,-0.79352355,1.4445896,2.7232523,-2.705175,1.3479562,3.8000088,-0.36169443,-0.31039706,-0.10571103,-1.3759303,0.85522956,0.2819743,-0.2851621,0.523881,-3.72823,0.099724576,0.6012539,0.79938877,0.04471915,0.94491786,0.34178472,0.2656936,1.4123261,-1.1419158,0.083065875,-1.004118,-1.6396528,-1.889323,-2.6944497,HCT-15
-0.16036661,1.9055549,3.2078185,-0.35663486,0.10452543,0.13294493,-1.594956,-2.6341484,-0.33826318,-0.9646549,0.51257116,-2.9823864,2.0572546,0.9191208,2.7960496,-1.2410249,0.56437546,1.1909384,0.5728646,-4.026079,-3.3652365,-0.23034477,0.7750661,-1.0629009,2.0846245,1.604602,0.3665892,-0.26632833,-0.8497642,-1.0947477,0.02746419,0.5478493,1.2983845,1.7787353,1.9077257,-0.29955286,0.9000885,1.655515,1.2166843,1.8133373,-0.003839425,0.7222534,-3.5206847,-2.9993286,-0.08374668,-0.76163363,0.707595,1.7226139,-0.47818515,-0.46312952,-1.8818215,1.4970875,2.2023492,-0.4944703,2.4836502,-0.33786553,0.50809973,-0.73365444,-0.48763755,-0.3298291,1.8638409,0.33353758,-0.7492165,0.2879221,-2.0818744,0.7308509,-0.1856491,-1.796235,-2.1102457,3.064298,-0.28451216,-1.2594758,1.2311715,0.96998495,-1.4367089,-1.2145396,0.55774325,1.9651284,-0.75881046,0.0899913,-1.5624775,-1.5917686,1.4300399,-1.0553222,-0.72162867,0.82596964,-2.7382667,1.2960018,-0.9918947,-1.2788005,-0.25017405,-0.52492833,-0.41275528,0.797018,-0.51347685,0.22617397,0.7629904,1.5590496,1.497208,-0.2589087,-0.09575587,0.007811726,-1.2160863,0.8112462,-1.2928871,1.8295466,0.2974789,0.55317163,1.2670214,-0.5756735,-1.5175351,0.45106232,SF-295
0.57424945,1.8410696,-1.2011181,-1.5974821,0.13315788,0.012790771,1.1620057,0.6517987,0.2832335,-0.49972996,-2.4151497,-0.652901,2.1972117,1.0255618,-0.069580294,-1.7152394,-1.2191488,1.6011219,0.44389582,-1.0699509,-2.6633024,-0.74107003,-1.1468347,0.42035604,2.9142854,-0.4298281,0.53781104,-2.4450889,1.3669614,0.77643067,0.8175613,-1.1727147,-0.5344208,-1.4278684,-0.1088559,-0.39097354,2.0957606,2.1354554,1.4601948,0.19820724,-1.5310324,2.5860472,-1.4538122,-0.41144028,-0.38439038,0.046867065,-0.0035650702,-0.36329708,1.0722361,0.8902603,-0.916828,1.9755898,1.3685154,3.2669604,0.76445967,-0.027357616,0.27660987,1.1769264,2.6011052,-0.76797307,1.1855382,1.9389378,0.3757465,2.5966618,-0.68558186,-1.8662382,-0.4375048,0.19549136,-2.32486,2.6213794,-0.64105374,-2.9552336,0.45732278,1.8406881,-0.07555716,-0.31169432,0.27351573,-0.2142992,1.6835264,0.72096676,-1.1396071,-0.5432336,0.9289992,-1.6963929,0.39624336,2.190809,-1.6537764,3.5739546,0.6393973,-0.26719862,-3.168904,1.4806892,-0.06299297,1.735587,0.0476764,-2.0265005,1.1234356,1.5530715,0.44401726,-0.09917606,0.9581425,1.4305369,1.7922744,1.0880123,-2.6808047,1.1841266,0.9535061,-1.2521116,-1.0290738,1.1582733,0.5113527,-3.4692242,NCI-H460
-0.08311345,2.0650976,1.0675948,1.6300802,0.6185454,0.3039823,-0.02322521,-0.8840385,-0.99288374,-2.6521492,1.5612645,-0.46133846,-0.1108444,1.2847878,1.1507441,-0.15575296,-1.3023193,2.0954318,-1.9031032,-0.39181495,0.32327884,2.3132582,0.8048952,-0.22333276,1.6167748,0.03383531,0.21285985,-1.4513164,0.2978749,3.2653172,0.6397731,-0.5858134,2.21293,0.37497965,1.4537873,0.66983604,-1.0911977,0.7388262,0.20100048,-0.61483437,0.42594048,0.18457456,-1.6837835,0.083040796,-0.551157,1.675869,0.7280949,-0.8780556,-1.1628045,-2.9531877,0.14330223,-0.14219181,1.7497354,1.7235109,1.4827193,-0.6495369,-0.47355092,-1.0872275,-1.17878,0.070160076,-0.6395133,-1.8296361,-2.2408392,-0.78998137,-2.1252942,-1.4510984,1.2997818,0.15285029,1.1423359,1.2356855,-1.0623407,2.2509127,0.82177883,1.9066856,-3.5575325,-2.0495002,1.3041819,0.6331806,-1.2460688,0.17444566,1.1490645,0.43940318,-0.377565,1.0573243,-1.3745979,-1.9417028,-0.7373399,-1.6217276,1.529881,-0.70334774,1.0084873,-0.97650385,0.3692646,1.8955305,0.892248,-1.2048634,2.4909427,0.7177695,-0.46943706,0.5515302,0.70823133,0.11119312,0.029271156,-0.66187125,0.09852289,1.2908808,2.5132525,-0.046238013,0.33669984,-1.9382195,2.0043094,-0.2549938,SK-OV-3
-0.65963346,1.168594,0.70446694,-0.9288383,3.0031738,-3.6681917,0.8654801,1.2241274,-1.2798592,-0.6132904,-0.26353037,-0.82326955,-1.3353274,0.8991037,0.6467266,1.6858864,-0.24391209,1.0025855,-0.8878245,-1.3705957,0.3528684,0.5258407,-3.4806757,0.9935163,-1.0421904,0.4305201,-2.0956428,1.5875374,1.0737051,0.60648596,0.78272676,0.5427767,0.76112527,1.0793153,-1.3628926,0.048251208,2.0507765,-1.5159957,-0.5704474,2.1727774,-0.76414216,1.9293262,0.5638554,0.19128795,-1.6382848,0.013411307,0.9337029,1.2146502,0.30137023,2.562734,0.15588042,-1.2120669,-2.142228,3.108531,0.542668,-0.46554378,0.52577823,-0.3865806,-0.14567764,-0.26411095,3.5209937,2.4792454,-0.96791613,1.1517909,2.605227,-1.1031964,-0.020984564,1.5116125,0.35974076,-1.0861796,-0.38851342,-1.505506,-0.5396731,1.6688049,3.19595,0.94453204,0.68080646,-0.38034484,1.0741647,0.8457351,-0.4645731,-0.5410025,1.3169032,1.0123144,0.12635633,-0.43547687,0.38821343,0.6006996,-1.0843985,0.52180237,-3.3622713,-0.5639065,1.7620268,-2.4363868,0.07333002,-1.5487854,-0.61726964,0.4899771,-2.1180983,1.9780595,0.9085038,-0.15550335,1.5516533,1.8032836,-0.5807986,-1.147285,1.32016,1.1864824,0.8999207,-0.9254332,1.0738125,-1.7078645,A498
-1.5963591,1.4681959,1.6851467,0.8488533,-2.5754325,2.6496065,-1.0135474,0.037403602,0.89824647,-0.8751793,-0.3005193,-4.093447,-0.08475295,-0.20300071,-0.9169064,-0.38088235,-0.029477742,-1.3027023,-1.2504131,-0.11305169,-2.4397955,1.5596521,-1.3144503,-1.3253157,-1.3495957,-1.4606432,-0.03570885,1.1138817,-0.609654,-1.1645818,0.37588486,0.40690947,-0.5343645,1.5863303,0.016993579,1.3047118,-0.5121274,0.40957224,-0.4988664,0.7112152,2.4470205,-0.21913521,-0.55881035,0.63960975,-1.0618618,-0.7273172,-0.40976688,-1.1819688,-0.45729932,-0.34616435,-1.8165883,-0.447159,-0.42273405,-0.69271046,0.08124528,1.9845384,0.08020937,0.46464267,-0.28652683,1.7436786,0.19698805,-0.83652484,0.40383247,-0.7297704,1.127636,0.7789224,0.11010917,2.4656007,0.67995286,-0.33574677,0.6841561,-0.71746933,0.26556075,0.15732688,0.22131842,1.1507742,0.87173593,-0.3629984,-0.12622388,-0.13826008,1.4081981,1.9773248,-1.1255298,2.7871404,-1.3335457,-1.942182,-0.23532729,-0.00916688,-2.188884,1.0267407,3.55437,-0.5014169,0.15164715,-0.8316104,-0.26561728,2.2504902,-1.826041,2.1958811,2.4397683,-2.341326,-1.3354571,1.1585593,3.1789534,0.2866757,-1.8494607,-0.30848256,-1.4642853,1.1119543,-1.1046933,-0.36656785,1.0259225,0.24546006,HS 578T
1.4651552,1.6240406,-2.445723,1.289464,1.0058794,-0.18132424,0.0091814585,0.5218642,1.1227973,-2.7635536,0.33345163,-1.777559,1.3729284,0.5965296,1.2873722,0.211216,0.056372784,0.19679117,0.9456705,-0.8309392,-1.928447,-0.8042703,-0.41535303,0.8345072,1.7601568,-0.5730367,-1.7726244,-1.1775081,0.19736655,0.07476143,-0.55983,0.9412338,0.1450154,-0.35739377,-1.4878883,0.27988356,1.4323844,1.5229927,-2.2894952,0.14421335,0.8762519,-0.8548168,-0.031214707,-0.46118328,-2.0527093,-1.9356799,2.213044,0.316619,-0.31042582,0.32240975,-0.60365415,0.113196515,-0.583556,2.0955694,-0.8597229,0.020432867,-0.23853797,0.32842502,-0.30928093,0.8832457,-0.90082514,-0.12534633,-0.42401576,0.6412712,-0.1478926,-0.67178917,-1.3376111,3.1594071,2.3747678,1.6286633,1.4046232,0.5843341,0.48397678,3.418547,1.8532932,0.011775773,0.44375542,1.0845388,-0.98798484,-1.5856781,0.5129022,0.07880043,0.18909906,0.6030293,-2.3681872,1.757645,0.58978397,-0.19956785,1.3266455,-0.110929094,-1.7323402,-0.6367428,0.20059173,0.03623203,0.509359,-0.3574389,-0.6438169,0.5956419,1.4378293,-0.8120182,-1.0293369,0.9783787,0.43511003,0.9190241,-1.3777194,0.79252154,-0.83750963,0.26261523,-1.5799865,-1.9972448,1.3324622,-2.6329057,MDA-MB-435
-1.9103833,0.38868463,1.1408862,-0.5623754,-1.6511158,1.1046971,0.41872123,0.12094882,-0.0085218875,1.8235565,0.48487943,0.6652152,0.6082086,-0.48717174,-0.6102663,-0.55541676,2.31165,-4.3206663,0.9503472,0.93661034,2.0034962,0.46887773,-0.0937738,-0.1527767,-0.17355612,-0.63115776,2.3092337,1.8540224,1.7993089,-1.14424,-1.1113328,0.15997612,-0.88109106,0.09772644,-0.075326316,-1.4844114,0.502604,0.7772754,-0.17855045,-1.3501242,1.3349719,0.37513494,1.492243,-1.2991259,1.6869358,-1.0928565,-0.99450254,1.0914936,-1.5599166,-2.0963213,-2.9366906,1.0483013,1.6218895,-2.4857821,-0.16581735,-1.9475241,1.1444784,-1.2977637,-0.053490687,-0.0825904,1.169154,-2.0099251,1.6831919,-3.487372,0.68736875,-1.0976149,-0.5622052,0.16568987,0.123941265,1.528262,-0.27908367,0.060578648,0.048298866,-2.2858386,-2.3768427,0.47213858,0.16621475,0.24423316,-0.5498311,0.25262845,-0.39025503,0.41031006,-0.54730636,0.15838563,2.325295,-0.37689802,0.18242878,0.70753264,0.61060935,-0.11549601,2.154474,-0.8353652,-1.7182026,-0.39681584,-2.218986,-1.1202513,-1.056508,-0.32492143,0.44486094,-1.5698408,1.4284886,-0.81263703,1.2461365,-2.5274892,0.38499245,-1.9190791,-0.05509833,0.01562968,-0.2371731,1.0728872,-1.6880028,1.7316235,OVCAR-8
-1.6477773,-0.9843896,2.8582551,-0.83342046,0.3036793,-0.76978064,-0.63556445,0.7818646,-0.68186533,-1.1197826,-2.6671093,-1.2074736,0.98661315,0.16363525,-0.7240385,0.35774958,-1.3258195,-0.10126366,-1.3042774,0.28354502,-2.2932434,1.2945988,0.1806828,1.822876,-2.5590148,0.45517138,-0.8091292,0.17682984,2.6451762,-1.0870001,-2.309846,1.7434186,-0.9640236,-0.6296868,-0.051662736,0.9708078,-1.1063442,-1.2720298,-1.9814484,0.9505584,-0.20709929,-0.36128026,0.8681179,0.13956691,-0.9936547,1.9253453,-0.60763884,-0.51113075,-0.14999276,-0.87452006,-2.9471517,0.035269793,0.9803376,-2.1592486,1.6648308,1.3545048,-1.4900739,1.16517,2.231014,1.3398994,-1.4166075,-1.5505031,-3.3694456,1.2816013,0.54223347,1.6222105,1.1831495,0.5498423,-0.5917214,-0.35809535,-2.8994243,-2.9555042,0.56433004,-1.4024354,0.018863086,-0.36961812,0.87465507,1.8550738,1.1118153,0.50678027,-1.7395332,-1.6316102,2.0173762,2.1574256,1.7794477,1.8085207,-3.0725448,-0.08682422,0.8069547,-2.0651066,-0.7154777,1.7691135,0.28324136,-1.9381554,0.9146912,-1.9991019,1.6310241,0.85553014,0.36966825,0.44646442,-0.23447874,0.8775103,-0.8371581,-0.7631615,0.029505728,-0.7801108,-0.03802673,1.2613487,-0.26664263,2.5149565,-1.514972,-0.23451321,MCF7
0.18097076,0.19085893,-1.0783923,-0.039206553,-0.053431563,-2.2182226,-0.7579234,0.7156245,-1.7043729,2.1205966,-1.0106151,-0.07348333,0.5028897,-0.15180188,1.6736678,0.89874834,1.3463005,-2.4984434,1.4605993,-1.8246392,0.80653775,-0.43083757,-1.7320248,0.07489971,0.3396831,1.3963892,-0.04620003,2.719645,0.95576924,-0.3139338,-1.1235479,0.738438,-0.24963728,0.69772315,0.36437201,-0.5929389,1.5031815,-1.0059139,1.0104982,0.72497314,-1.0883477,-1.519009,0.84436417,-1.0199921,-0.57149357,-0.03898216,1.5851872,0.9810022,-1.2237594,1.0379187,-1.2511705,2.2566137,1.688305,-2.5082216,2.6890147,-1.9265463,1.8559738,-0.5147089,-1.5670714,-0.033071395,1.8545856,-1.6499174,1.6873841,-0.40019605,2.202763,-0.50263023,-0.91922873,-1.0659534,0.03601418,2.6662188,1.4279276,-0.9554097,-0.085264035,0.4677691,0.8805188,0.42614135,-0.15094197,-1.3904661,-0.02127632,0.93222773,-0.7853109,-0.65005606,0.8211622,-0.12879108,1.0685484,-0.73245025,-0.5528975,0.9815711,-1.0435636,0.8173954,-1.5575702,-1.3118409,0.64459825,0.062106892,-0.82944363,-1.7328817,1.1821204,0.5181938,2.330302,-0.19957258,-0.28379595,0.9526644,1.549315,0.3719992,-0.010216236,-1.8468184,-0.27968797,2.0560546,1.7104827,0.4207443,1.2757845,-0.06398335,786-0
0.55545014,1.0911298,-0.15588148,0.72383857,1.8802997,1.3945366,0.8781857,1.494721,-0.72645587,0.42557546,-2.9104774,-0.23627397,0.7393299,0.225506,1.8399031,0.6562852,-1.7526184,1.3640659,-1.3599535,0.48777512,-0.5571231,-1.5463315,-1.1238166,1.8920882,0.14809106,1.6198025,1.6309043,-1.0909513,0.75994617,0.5783986,-0.63310796,-0.35696948,-1.6732116,1.4818447,-0.34937993,1.9239458,0.19640341,-0.64950603,0.32805514,-0.47695643,-2.8503718,-0.70095634,-2.2291918,-1.1559061,1.0314155,0.006917234,0.005969032,-0.4548585,-1.3731687,-1.60858,-0.661542,0.9427466,0.36192575,-1.4344682,2.0635607,0.5317105,0.6858915,1.8695419,-0.6735862,-3.008808,0.99568003,-0.3802177,1.3282055,1.3627099,1.7690712,1.1481928,-0.04472423,-1.2768443,-1.51118,-0.47340363,0.38309342,-1.4432757,-0.6778649,2.0172265,-1.9565548,0.81054443,2.2662628,0.33830297,1.5904645,-0.033161856,-0.90056026,-0.5447975,1.2313187,-1.3753163,-0.97555476,3.8944032,0.30897453,3.4956326,0.7502891,-2.0042624,-0.13577907,-1.607747,-2.3718736,0.0008850653,-2.1393406,0.2829456,-0.20517334,0.051398102,-0.71072876,-2.5557568,1.740196,0.27637434,-2.5039458,0.5253158,2.9668543,-1.0533241,-0.43031707,-0.43124154,-1.2728753,2.1629128,-2.0441296,-2.704177,IGROV1
-1.5268477,-0.36920145,1.7582189,2.5161793,-0.8565753,1.4359437,-0.8299628,-1.1403766,-1.1011814,-1.04956,0.34181702,-1.0752742,2.4358852,2.375507,-1.1165977,-0.4580463,0.33533815,0.47750053,1.0194606,0.116632305,-1.0980656,1.4560555,0.9525745,0.5014909,1.2252094,-0.9233884,1.2904896,-1.0010191,0.83683026,0.06953075,-0.5064242,-0.6464242,-1.8770864,1.4792851,-1.5276674,-1.0493698,3.034366,1.3952621,-1.2960258,-0.17424414,1.2841866,-0.511202,0.8743282,0.5907273,-1.2407618,-1.7746313,3.9772968,-0.8940368,-4.99107,0.7856931,-1.1964896,-0.33901566,-3.1129675,0.8809211,1.0472426,1.6749823,0.32579204,1.1811823,0.5359676,-0.3922198,0.0904104,1.2764211,0.7365626,-0.6881316,-0.056903865,-2.1031208,2.45075,4.2130437,0.5694253,-0.17197455,0.9057901,0.24410158,-0.021587722,0.27573797,2.8472872,1.9285922,0.6524005,0.36975086,-0.86160934,2.1291924,1.032106,1.1107303,1.0266705,-2.5702653,1.1641204,0.62066656,0.09769067,-0.027310122,-2.935935,-1.1194379,0.3461154,-1.0392542,-0.94865054,-0.13339007,-2.1475368,1.9983245,-2.3748002,1.212246,-0.96159226,0.7512548,-0.5422581,-1.6103985,0.88985467,-2.4656198,0.17686567,1.4867922,-0.42713234,-2.1976528,-4.0454326,-0.5739262,0.09094177,1.0869925,MALME-3M
-2.017694,0.5746486,1.4109216,-1.8828757,-1.5213969,0.09227704,1.1990665,-1.576947,0.30004504,-3.6292057,0.129943,-0.29218772,-0.17733024,1.3151491,-0.7133852,3.9698339,-0.18145101,-0.46971127,-0.5897483,-0.13492694,-2.2937486,1.3024783,-2.6707723,-0.23744252,-0.8555761,0.023305994,-1.3206102,0.13243555,-1.6329832,2.0119362,1.9147888,-2.4107392,1.6880051,1.4936275,-0.670126,3.4353044,2.3041453,-0.42513302,-1.3459017,0.49965817,0.35594112,3.4562616,2.733722,0.08428516,-1.5894712,-0.596032,1.998941,-1.0804121,-0.58143,-0.48290074,-2.977144,-3.438116,-2.5329437,2.265731,-0.39770308,4.057868,-0.6761289,1.6650074,-0.8028502,-1.7678553,0.22528791,1.9063352,4.158675,1.8922558,2.644931,-0.011450674,-1.6843264,1.5256897,-1.4024937,-2.1471663,-0.29810113,-0.5893492,0.4629501,1.6474397,2.6032588,-3.1379926,-2.0182083,-0.59208137,-1.2442518,0.26639158,1.2314388,-1.4357097,0.5930134,1.8060246,-1.288964,1.1292726,-2.81113,0.84449065,-3.2485096,-1.1663322,0.0023648452,0.22282377,0.8815687,-3.9388916,5.1151047,1.3187685,-0.6974082,3.5712857,-1.546348,0.58631974,0.11993456,2.2197747,-0.49428126,0.7219676,-1.9213306,0.4238833,1.4133149,0.80384445,-1.4501077,-1.7782551,0.7324406,-3.3523157,HL-60(TB)
-4.074469,-0.09720095,0.87921,-0.7967098,0.7027917,-1.4072162,0.4901922,1.7002758,-0.91714895,-1.5539316,0.7462048,-2.5299423,0.092328615,1.1742347,0.62285817,-1.2404606,-1.5457551,-1.9432615,0.34280095,-0.7976719,-1.660683,-0.47250113,-1.891136,0.3756782,0.6475809,-0.18412538,0.64364433,-0.7927283,-1.7404453,-0.920511,-0.7258974,0.98003376,-1.4229332,-0.9543121,-2.7795947,-2.7150908,0.06894848,-0.5608067,0.723453,-0.5615899,-1.7333655,1.0962027,0.66564673,-0.50139713,1.9100478,1.0817869,0.3154918,-1.0951626,-2.2424123,0.4053159,-1.4640192,-1.4475366,0.5918206,-0.27940065,1.9097914,-0.43755588,1.3342633,0.10193983,-0.89287657,-0.28311324,0.50327694,-2.582519,1.0280004,-2.9059901,1.7253084,-2.2068965,1.8290617,2.113621,0.4189122,1.7993683,-1.3832345,-0.16263904,2.3523607,-3.0745757,-0.59884584,-1.9152519,-0.22105522,0.34813637,-0.6420438,2.4783375,-0.95363003,0.17244166,-0.43740138,1.3460851,1.3367193,-0.54560477,-1.7165467,3.258557,-1.6612092,1.258593,-0.2026588,-0.21079206,-0.53290766,0.008490668,-0.30015492,0.5848289,1.1575075,1.73266,3.0077453,0.17355469,1.8115505,-0.701829,1.301982,-1.499925,-0.061655577,0.06919115,2.411674,-3.191612,-1.8893359,-1.6507715,0.8385875,2.490778,DU-145
-2.0498726,-2.403923,-1.7124376,3.0167298,-1.6901137,2.812802,-2.1565697,-0.0030900356,-1.2191545,-0.6066947,1.3851507,-0.32963777,0.8344879,-0.6939614,-1.7201437,-0.38725215,-0.7943927,-1.1015658,-1.1825383,-0.53611004,0.016499415,-0.027651072,0.014606512,0.9480771,-0.04408878,0.55743057,-0.8312456,0.96815383,1.6694098,-1.2568618,-1.6852446,-0.08751825,0.6340301,0.53306895,-1.0790392,0.8511292,-1.0355282,-1.3770995,-0.017851904,-0.6517307,0.1538838,-1.0813792,1.8132567,-0.6694028,0.07659165,1.8959363,-3.7911904,2.6037307,0.36227378,-3.1978748,-2.3004336,-0.20903622,2.2515924,-2.6410797,-0.18554099,1.0050552,-0.445072,1.0994698,-0.8493447,-0.43685257,1.5695081,-0.37673363,2.6822982,-1.347418,2.267309,-0.03585301,-0.2791243,0.121575184,-2.0952282,0.974109,0.79576856,0.18110293,0.015152096,-0.3096169,-1.0318513,2.9133658,0.652133,-1.6803794,0.7156094,0.21852572,0.2976969,-0.14743568,-2.617149,-1.4982896,-1.1320662,1.1680256,-0.74584055,-0.8906221,3.5008702,1.8349898,3.5446393,-0.8384457,0.44982436,-1.3370811,-1.7380809,-0.47960526,-1.4895198,1.7809374,-1.6772542,-3.9708436,-0.783091,0.66870844,-0.3120566,-0.085895665,0.5764076,-1.1161101,-0.14280578,-1.4144889,-0.7166538,0.6027234,-2.7238784,-1.3961614,NCI-H522
0.45167312,-0.44071653,2.1259253,0.793159,0.711421,-1.7532378,-0.9646379,0.52436817,0.9095457,1.835709,0.52893263,-0.42772025,0.6111548,-2.2259762,-0.6839415,0.9037621,-1.5861889,-0.2985264,0.94116366,-1.9657452,-1.490546,-0.07392853,2.5342443,-0.35421756,-2.7603672,0.65662,0.31836537,1.1311351,0.7529318,-3.4216855,-2.0476933,3.3707833,-1.3259096,-0.46647093,-0.68973505,0.5036265,0.5970153,-2.781814,0.4145035,0.3489166,-1.2090577,1.0140481,1.9576951,-0.09243374,1.5703075,-0.8648535,0.553447,-1.9147981,-1.0603408,-0.7837997,-2.9094074,-1.1117544,-0.08539511,-1.0711048,1.5379696,-2.1823378,0.21098725,-0.059898097,1.4747298,0.9313233,-0.2972386,-2.130212,-1.8718857,-0.70228523,2.1301887,-0.1650955,0.3925934,1.3223344,0.34391007,0.66397613,-0.015310138,0.24751781,0.15862314,-2.7712624,1.7371585,1.7386734,1.7020035,-0.0078503,-1.2725914,-3.0078864,-1.0001144,-0.5754211,0.009302008,2.4226542,0.56000465,0.9921449,0.49014258,-0.6086837,-0.44406247,-0.5926394,-1.0815647,0.016222645,1.4310431,0.75173277,0.5190587,-0.52028275,-0.70892406,0.15288794,1.613799,0.27371776,0.98694664,-1.5020952,-0.4342266,-0.3136862,0.9158332,-0.6735229,-0.8740092,0.11668446,0.26954138,-0.17999077,-2.1908863,1.0097637,U251
-2.1325276,-0.09096018,-0.00644044,3.472881,1.3315927,0.43037623,1.1692446,-1.2700044,2.0166578,-1.5472554,0.14578505,-3.5890372,-0.5763037,-0.8137654,0.3035432,-1.3219866,-2.088562,-0.84167004,-0.40084368,-2.3514485,-1.4206645,1.0174105,0.40065718,1.5577728,-0.08076563,0.0068702404,-0.09050831,-2.1077437,-1.2608638,-2.3474848,-1.2212434,1.7270132,-0.6446517,-0.44968924,-1.8705896,-1.4607198,0.7736476,-1.7643993,-0.3138399,0.022797192,-1.3030324,0.6055107,1.8132579,-1.6262292,1.1301175,-0.5636898,0.5000762,-1.3282715,-1.2548074,0.12255552,-0.61611706,0.28124416,-1.2684743,-2.0794003,0.9391436,-2.0057752,-0.8564334,1.7868489,-0.6893682,1.0850254,-0.6145776,-1.6355572,2.3346708,-0.86406195,3.097265,0.6950755,0.4600486,3.111413,2.4363163,2.2705967,1.0589676,-2.4121494,1.6242676,-3.4223487,-0.12922248,-0.251114,-0.34474733,-0.46848074,-0.65047115,2.1784513,-1.181924,0.70592266,0.7848932,1.0896958,-1.2202134,0.041104026,0.46576926,2.4861467,-2.8443217,1.6677189,2.450591,-2.6073782,1.8519386,2.6776206,2.2617157,1.3309128,0.6512149,1.5671026,1.6992248,-0.9155189,1.7963088,0.67904466,0.98634523,-0.26620522,1.3876299,-0.15982863,0.8328684,-0.4266465,-0.26218864,-2.6437514,-0.31866077,3.305256,ACHN
0.89983344,2.886339,-2.1063647,1.0761558,1.1729276,-2.958025,1.9207474,1.457105,-2.4138322,-3.024808,-0.8152932,-0.21548729,0.105078086,0.22462948,1.7886168,2.6543126,-1.5730594,-0.27656358,1.3319288,-0.62762547,-2.88227,-0.089539215,0.6472987,3.3143065,0.439978,0.02089899,-0.14650497,2.2992456,-0.21012034,-0.18189944,-0.8538561,-3.0427315,1.0494597,-2.9165251,-0.040576853,0.7008274,3.8991168,1.0135669,-1.9735323,-0.5244391,-1.1936224,5.2164474,2.0263813,-1.020189,-1.3198316,-0.34134787,-0.39093536,1.8850508,0.6830424,-2.2303772,-0.47732377,-1.5501125,-0.7207931,-0.124076776,-0.82046276,0.9706482,-1.0550498,0.0035086442,-2.5988169,-0.73895216,1.888625,-0.08186896,2.7447088,0.5795658,-0.5529827,-2.7478316,-1.2309227,-2.0120203,-1.8740566,-1.9779264,0.14236215,1.1972471,1.7870952,1.3948691,0.64982426,-0.09250579,-2.6743507,0.4671065,-1.4557189,0.08809763,1.6935779,-1.9695014,-0.45061415,1.1841182,0.5311325,-3.5693505,-0.18686429,3.1754599,-1.4312923,-1.8524764,0.0592845,6.086177,2.1078453,-3.4470477,3.805109,-1.9191197,-1.3665183,-0.30231324,1.8906591,0.93172413,-0.47615123,2.8588762,1.5580982,2.845304,-0.42153037,0.06262651,-0.08899391,1.7405856,1.0610747,0.022738252,1.5051284,-0.9403058,RPMI-8226
0.06363636,3.0428848,1.0842106,3.2394228,-0.3113655,0.04599639,-1.506171,-0.99628514,-2.6636877,-1.848343,-0.6737628,-1.4663948,1.637891,0.8405303,-1.3557513,0.32873544,2.407341,-1.1086383,-2.552185,2.13779,-0.053632583,0.24821368,1.7071813,0.43968767,0.15424204,-0.95399517,-1.3735905,1.3182827,-0.42099482,-0.12671618,0.83763117,-1.385653,1.9159651,2.496902,-0.07138219,0.7185218,0.51775557,0.31366098,-1.8239447,2.1727316,1.1176674,0.42026618,-1.6474,0.13038908,-2.057793,-0.38448846,2.1035352,-1.2445291,-0.015713394,0.32836694,-0.5229277,-0.21811882,-0.56514674,1.1532289,-0.38992345,2.6157856,-1.9618949,1.384707,-1.1498215,-0.07655235,0.20696406,-0.15498997,0.4876564,0.2543801,-0.23426375,-1.6895124,1.0631102,2.93909,-0.06943078,-0.4138044,0.92027706,-1.6766857,-0.37682453,1.0164639,0.33849174,0.29666945,-1.019477,1.7190399,0.15107019,0.726183,0.67316973,1.4334875,-0.91908324,0.1719976,-0.4921076,-0.3748199,-1.6213138,-1.5870067,-2.7315285,-1.0818945,2.681468,-0.6285593,-0.48607343,-1.7922952,-0.29190588,2.15404,-0.6490578,0.32594576,-0.5539369,-1.3818691,-0.5132966,0.4321796,2.1106298,0.24074341,-2.5834315,0.4448103,-0.13619114,-0.3921191,-1.4433867,0.16310978,1.1348585,0.9774865,MDA-MB-468
-0.034606233,-1.6018403,-0.9754141,0.97352314,-0.74747664,1.5058115,-3.1078014,1.5328491,1.6223665,-1.7854798,-0.29250515,-0.97502595,-0.24055848,0.9023729,-0.4920668,1.7676827,-2.893192,-0.1644794,-0.19959204,-2.9220428,-3.9648035,1.1123133,-0.9924116,0.8880582,1.6692731,-1.0677514,0.6176076,0.16646491,-0.45617956,-2.5812201,-2.3223863,-0.32176188,-3.5047436,-0.63909185,-0.33369043,0.30950266,-0.5202576,-0.03816272,-1.0382559,-1.3648903,1.1320086,-0.04084485,-1.3263792,-0.4690464,-1.535068,0.78289,0.49388012,-1.645918,-3.4717267,-0.56280875,-0.9040859,1.1418129,-2.2696817,-1.994155,2.195255,0.9800199,-0.40466565,0.8769072,-0.4205779,-0.26109973,-0.0018589373,-2.3223574,0.37613603,0.24795596,-2.1199567,1.3550246,2.871114,1.7966211,-1.229876,-0.9153977,-0.16337585,-1.6533506,-1.258052,-1.1806101,2.0198627,1.280158,0.20813006,-1.9178433,-2.8295193,0.63244635,-3.312595,1.2275192,1.3176826,1.1260319,0.28748634,4.311605,-1.2484205,0.40558252,0.010404357,0.5824068,2.8393047,-0.95462114,-1.2113787,3.429565,-1.4699265,1.4330935,-0.57422537,-0.351693,1.2745092,-0.77133155,0.44746566,0.67307067,-0.306785,-0.6360097,0.81361103,-1.6064925,-1.3167615,1.1133474,-1.1074743,-1.3497605,-1.0322715,-0.30820516,BT-549
1.4241711,-0.4588941,-0.92866635,-1.4669852,-0.26284844,-0.21938415,-1.1013154,-0.8952016,-0.3767245,-0.7040674,0.97916615,1.472966,-1.9967984,0.836478,-0.7127552,0.45216668,1.7710869,-0.50340825,0.5088866,-0.49460196,0.8542555,1.0248202,-1.1383669,0.15931037,-0.59879327,-1.7684135,3.3025599,-0.7234208,0.6425525,0.75520307,-1.571548,-0.9957772,-2.2100902,-1.643322,1.7240496,-2.5104299,-0.013177067,3.2305896,0.62077504,0.76162004,0.8142177,-0.8441995,0.36764565,0.25230533,0.10478624,-1.0323132,1.8938142,0.57319015,-0.97542423,-2.6327188,-1.6870592,-0.51049954,0.5903643,2.6389785,-0.121548906,-0.47582653,-1.2541013,-2.2032008,2.277937,-1.4812459,-0.23613481,-1.0369813,-0.17421392,-1.8013201,0.60961014,-1.1023387,-1.8096774,0.5889343,-0.8746358,1.136967,-0.32495245,0.630716,0.5945324,-1.4035674,0.25127998,-0.44982573,0.050810687,1.1698474,-0.32233036,-0.89230114,0.83779055,-0.67026556,-0.38807073,0.34077904,3.6171675,-0.8782513,-0.15737869,2.4696753,-0.100310184,1.4251778,-1.3691844,1.9477841,0.41081923,2.4575696,-0.79490215,-1.1858045,-0.21078439,-2.2364063,-0.17059161,2.140612,1.7163763,0.7353019,2.788882,-0.6701644,-0.44707304,1.1025827,-0.44135764,1.0947639,-1.7925278,-0.71050286,1.0050342,-0.3956534,HT29
1.4875777,1.1742648,-1.518839,-0.4950018,0.07639384,1.2324219,-0.4914831,-0.096941896,-2.5799298,-0.015560614,-0.9432291,2.247095,1.0728621,1.5114906,-1.8704066,-0.23021959,0.57898015,0.11180888,-0.60735005,0.93864304,-0.14331506,3.6436532,-1.9856945,0.99193907,1.6149265,0.18179585,-0.4599788,-0.47162384,1.1846987,1.975266,1.1525661,-0.90892655,-0.96733004,-0.2737506,0.99357,-2.5012724,-0.40704772,2.3147871,0.41954046,-0.80562246,-0.7383271,1.6197827,-0.89655155,0.532805,-0.121177614,0.35029298,-2.1355665,0.44788316,0.47516498,-0.08192753,0.66504997,-0.71704346,-0.5262234,0.1946656,0.062903725,2.1307576,-0.3019003,1.4254999,1.7100949,-0.47762287,-2.417292,-0.5789098,-1.6462746,2.7510798,-0.4459923,-1.3244721,-0.78776515,0.11967693,-2.3428884,-1.218573,-0.26996782,-0.3448409,-1.4914156,1.4275025,-0.7602286,0.2409023,-1.7413964,1.8299423,-0.59164304,1.2145644,-0.82721215,2.8002439,-1.9793184,-2.514486,-0.52983886,1.8772211,-1.1136136,1.2088141,0.77914524,-2.9554272,-0.7667131,-1.2107439,-1.0189741,-0.42540857,0.38194448,0.50366825,0.02333351,1.27749,-0.77213067,-1.078371,-1.2369686,-0.65980333,0.36588126,1.1936783,-0.05119602,0.27990156,0.35054415,-0.07666479,-2.1286795,0.9717089,0.97244817,-0.19931696,SK-MEL-5
0.7734346,1.1392943,-3.2755737,2.024475,3.3514714,-0.51463145,-0.14392544,1.9204912,1.6260344,0.22407179,0.42391396,-0.26984024,-0.17155246,1.0567265,-0.2580466,1.122928,-0.025023324,1.7243303,0.08055459,-0.3857231,0.20684695,-1.507676,0.9612898,0.92476475,1.5645523,0.16265896,-1.7075195,-0.021234684,-1.4889991,2.7982152,-2.2765007,1.5200317,-2.0814528,-2.54013,-1.3424997,-2.5003877,1.2022518,-0.5643935,-2.710971,-0.07656895,-1.2469758,-0.5630299,-0.20819968,0.40314734,0.83514875,-2.3650656,2.0108266,0.8522324,-2.745394,-2.2679,-1.6193508,-1.4099888,-2.0027459,1.1780747,2.4895456,-1.3852131,-1.1120138,1.120505,-1.3023123,-0.10611845,-1.117764,0.820009,0.5180592,1.1816795,2.595228,-0.06512441,2.3227222,2.111234,0.51407903,0.9043249,1.4383736,1.3269547,-1.040297,0.22512338,-0.60201937,1.6787463,-0.6872469,0.10750569,1.4600528,0.8540022,-0.4951251,-1.7808385,-0.44846958,2.1957061,0.43581724,2.4568214,-0.4731679,0.067374416,1.4010693,-1.1778153,1.0259482,-2.3605485,0.622766,2.4615426,0.7713433,-1.7615072,-0.01839205,-1.7683804,0.4411203,0.59461254,0.7355331,-0.11331293,-1.6572795,-1.8728703,-1.882102,-0.7498111,0.78736055,1.4886403,-2.8295403,-0.8615693,-1.7263993,-1.2705356,PC-3
-0.94550323,0.94927144,0.79997814,2.045378,-0.09373001,-0.46901253,-0.34387827,0.7433803,-1.9390726,0.11659614,2.672437,0.95910335,0.11368367,0.7412118,-0.22445637,1.4597394,-0.43515453,1.6467978,-0.25659427,-1.4353559,0.4846908,0.0027419028,3.578162,1.2613891,0.00942908,1.6357336,1.4679039,3.4535851,0.06912742,-1.6105759,-0.5756661,-0.8216043,-0.51739544,3.8570893,-1.6807008,2.0104673,-0.20752707,1.6014222,-1.7497215,0.58612055,2.0392318,0.7832375,-0.71313834,-1.6136724,0.1003472,-1.1183097,-0.15343395,-1.3926312,2.8374612,-3.0284956,-1.4149175,-2.7142067,0.29909807,2.2478778,-2.5070221,4.017429,0.079071924,1.573747,-3.8748944,-3.2380784,-1.5115507,0.020409685,2.294061,-0.17133865,2.3240614,0.19212559,-1.754871,3.2906408,-2.2619166,1.875151,1.936027,-0.17784844,1.6887316,-0.17511478,0.98997223,-2.555855,3.883835,-2.4119933,-0.80653965,1.3899274,-0.24547443,-0.38313025,0.7618048,-1.3469166,1.3091903,-3.1850193,1.7678537,-1.2038041,0.4510476,0.3883776,2.4409049,0.49759778,0.48437196,-1.6997873,-0.5687622,-1.6348091,-1.2772399,-1.024544,0.037638966,2.704301,0.13205542,0.23847629,0.07506568,2.2709188,0.67861605,0.104836136,0.61119276,-0.22565396,-1.081203,-3.1894774,0.16902047,-2.624034,K-562
-0.48942974,0.82554,1.2364128,-1.1300465,0.9050992,-1.5547743,0.06901961,0.20108953,-1.0661794,-2.1197665,-0.103149764,0.30071184,-0.18363734,0.29306224,1.5859319,-0.15054975,-0.345748,-0.070992395,0.13651206,0.6853689,-0.45881718,-0.9945534,-0.19846307,-1.6234874,0.048335247,1.6093979,1.4343488,0.18976559,-1.8222919,-0.9656445,-0.6819857,1.3792505,1.4684724,4.021248,-0.35365742,-2.1045623,0.4313261,1.5737602,0.8685289,1.5300751,0.49522275,0.788192,-1.9363732,-0.3659907,-0.35448483,0.08304014,-2.335772,-2.2042277,2.3178701,0.07114006,-3.2391264,0.40353703,3.3061016,1.9861047,1.1613058,0.22448063,-0.3530394,2.531406,-1.272547,-1.5456415,0.7727715,0.7692066,-2.7709045,-0.86854786,1.7606168,-0.77978593,-1.9121115,0.2090078,-2.1410449,1.6051235,0.97713184,-2.5187647,0.87636876,0.19480456,-2.29573,0.432083,0.3640198,0.25938234,0.08111743,2.8971672,1.6105933,-0.80496985,1.94001,-1.4228932,1.8116369,1.4604208,-2.1516876,-1.8874223,-1.5119424,1.0264486,-0.86328864,-1.4137893,-2.1723273,0.84731644,-3.5346713,0.23621775,1.1314088,0.29360995,-0.61676514,-0.23438545,1.0355145,-0.0028704787,3.215244,-1.7473526,-2.2301404,1.9946992,-0.9707438,-3.990354,-2.2250323,-1.3460516,1.1313015,-0.40796813,KM12
0.2517176,2.3642147,-1.3258625,0.08455694,1.0235131,-0.05126021,0.2071935,0.5073353,-1.6022916,0.29176465,1.2499208,-1.2361082,-0.4241513,-3.4963078,-0.22231495,0.7712296,1.1498774,-2.7779496,-0.07226611,0.13318667,-0.8591316,-0.27058548,1.3155543,0.48293602,-1.4705813,0.8987957,-0.726295,-0.30024186,-0.07506824,-4.319453,0.6150785,-2.4928937,0.6369474,0.4879258,-0.7319517,-1.8601404,1.1365988,-0.4527519,0.03496788,0.985917,-0.5108704,0.3033814,2.3431954,-0.8156431,-1.2149575,-0.9759496,-0.2647753,2.804441,-0.89323384,-1.8347604,-3.7831936,2.0912268,1.5787057,-2.5409102,1.7031729,-0.80575,0.21942683,-0.5988102,-1.9588656,1.0692576,0.38404605,0.04083083,0.17062569,-1.5762821,1.9981457,-0.014849266,0.0072926767,-1.1521434,-0.86205715,0.9881593,0.11859686,0.11096432,1.4848305,1.039842,0.5409704,0.77031815,0.7280134,-0.9612902,-0.38868985,-1.6552844,-0.25193876,1.6067561,-0.89543355,0.24720098,1.2290545,0.7941067,-1.7359729,-0.35395947,-0.6953234,1.6359742,-0.24314848,-0.077178955,-0.7541505,-1.0119976,-2.990688,0.64734095,-3.5984514,-0.73934597,-0.92227614,-2.2698097,1.656401,1.140655,-0.111420475,-2.076913,0.8112197,-2.6073797,0.32289875,1.3782809,-0.69164354,-0.053363167,-2.7957242,-0.3003417,LOX IMVI
-0.30531147,1.5288681,-0.4635667,1.0906742,-0.5890611,-1.2806107,0.19224982,-0.6352869,-0.8332573,-0.09224336,0.7588257,1.776883,1.0747744,0.6839773,0.530208,-0.402752,-0.63934916,-0.84698546,2.4970117,-1.2275963,-0.81393373,1.7143002,0.9834275,1.7117181,-0.55524045,-1.7536412,1.2108296,1.085484,1.1487521,0.40419057,-1.1526558,-0.27166143,0.25328335,1.5442376,-0.6933442,-1.9374398,-0.7652037,1.2512863,-0.041093204,1.177297,-0.41617292,0.03562584,2.1866534,-0.2886658,-0.16783138,-1.5398681,0.11115912,0.65637267,-1.6299094,-0.06877798,-1.5445964,-2.2993586,1.2804549,-0.4521212,2.0822902,-0.5858316,0.19319263,0.39230585,0.08366244,0.6066673,-1.4920709,-1.8356528,-3.1619782,-1.0960582,-0.3165054,0.45418814,-0.6679327,-0.5276119,-0.16429862,1.4854605,-1.3619586,1.1199318,-0.42805886,0.52725554,-1.1234329,-0.86196345,0.07505582,2.2575207,-1.886574,-2.1334996,1.0396394,-0.69233465,-0.638616,-1.9875599,0.17011991,-0.11556023,0.5641505,-0.22012691,0.6595664,-3.1170678,-1.3473817,0.46039695,0.19976656,-0.2966943,-1.3404396,-0.54832196,0.16603997,1.1814994,-2.3456738,-1.4401729,-0.830904,-1.1743757,-2.3278828,0.8501072,0.7176822,-0.6907206,-0.13573146,-0.80291075,-2.868804,-0.9608145,-1.8779862,-1.9032543,UACC-257
0.96628475,2.7022324,4.134562,-0.11984698,-1.2417424,-0.90649104,2.3793237,0.2930605,-0.06026957,0.25070518,-0.21689263,-0.22310798,-1.2019888,0.0962737,1.454261,0.7908076,1.1103573,0.46425343,1.5662744,2.7762706,-5.1885495,1.0191749,1.7847666,-2.5777833,1.0851827,4.2623487,1.6839987,2.0904012,2.5635462,-1.6016659,0.074225746,-2.7983425,3.623212,-1.0944486,-2.512482,-0.41206577,1.9111179,1.2666966,0.058901265,0.8496739,-3.0639682,2.0607147,2.7503817,-0.030593136,1.075,1.094783,-1.2571279,-1.026431,-0.57623297,0.1713297,-2.6021981,0.60080403,-0.42397302,-2.3010461,-2.296384,0.2671397,-0.4428495,1.3071662,1.249474,-1.8471934,0.79069257,-0.016817568,0.60388005,2.505134,2.8641462,-3.0184228,0.11829537,0.6370882,-1.9657774,-1.8724076,0.39007598,0.14091739,-2.3666797,0.4959916,-3.7840388,-0.74367994,-0.8385762,3.0938838,-1.7527398,0.40844467,1.7543746,0.9813519,2.9605088,-0.60993105,3.401784,-0.84938264,0.1727649,0.8740313,-0.041733485,0.7299817,-1.310613,-3.917047,2.0348,-1.7407146,3.3548567,0.711779,-0.9838862,-0.8427732,-1.6863374,1.0090128,-2.3244765,-2.2226043,-2.0218546,1.3402005,0.9841606,-0.37967968,-1.2117448,-0.4480894,-1.2926476,0.7945414,1.1495887,-1.849796,SR
-0.36331445,0.28227222,-1.2782545,-0.47633904,0.5827362,-0.28151056,0.46403626,-0.24195586,-0.3601737,1.1270323,-0.9442795,0.41535744,0.5331168,-1.1637514,1.2499404,-1.1505696,-1.0828348,-2.1327324,0.30312574,-1.3864424,0.87072945,0.561626,0.7411583,1.1681838,1.6175077,0.5311289,1.5057591,-0.7372954,1.4766893,-0.9027794,1.3222429,-0.74577,0.48702347,1.3522637,-1.4981518,1.3012826,-1.6508743,-0.090733,-0.20948125,-0.533186,-0.0687529,-0.024371628,-0.25133798,-1.195944,-1.3820385,0.3329003,-0.18109235,0.10161025,-0.77423054,-0.16229397,-2.1752326,1.4392515,2.0928755,-0.93955106,0.22388269,-0.57786953,0.746429,-0.58533126,0.6529749,-0.4768183,0.7785951,-1.2782074,-0.061890263,-0.41364825,0.4649641,0.5348607,-0.35261676,-1.7341013,0.9755585,1.7974044,-0.5240393,-0.45988783,-0.76712775,-0.56403077,-1.3330495,-2.9861863,-0.58755624,-0.73374605,-0.24115892,-0.9653215,1.8086135,-0.8990552,0.10923537,-0.2815457,0.692773,1.8490512,0.07411501,0.08742729,-0.25146246,1.0355489,-1.3283755,-0.03997679,-0.94171864,0.70025706,-0.7684083,0.06747309,0.0015969034,0.24801396,-0.4502998,-0.2547881,-0.78770906,0.991992,-0.29168075,-0.14409482,-1.0140345,-1.567432,-0.9544046,-0.17916867,1.0764304,-0.6070552,1.344808,1.1664397,HOP-62
0.9282764,0.6068794,-0.18344393,2.4818966,1.2557055,1.7228904,-0.6954574,0.27220312,-1.1956736,0.94075036,-0.2654427,-1.188385,-0.1797655,0.66421777,-0.07937003,-2.9570212,-0.69138056,0.18136665,0.06679029,-0.8421676,1.354592,3.6662192,1.379837,2.4985132,1.1321903,-1.1967857,0.60330623,-2.596791,-0.14668854,-0.626071,2.3261256,-3.8155806,-2.0260067,1.6116914,-1.0029496,2.4153287,-0.74456984,1.2782916,-1.6432542,-1.2361319,-0.76815,2.197577,-1.1200361,-1.328132,-1.248035,0.04606628,0.6825063,0.9926166,-0.45374116,-1.7018533,1.7030948,-3.902589,0.2978894,-1.3519287,-1.8939687,2.5340295,0.7357532,-0.81178963,0.7666624,-1.2447895,0.88749343,-0.47183526,0.13954122,-2.806613,-1.2177671,-0.60351557,2.3489714,-0.54756224,-0.23828788,1.0686764,-0.8724481,-1.1380979,-0.7159983,0.053245258,1.006487,-1.4337384,-0.9709097,2.1108863,-0.44733745,-0.8847266,0.8904265,-0.4764444,-1.0530274,-0.35285068,-0.051699888,-0.47225225,0.8013978,-0.5936163,-1.1339643,0.22567903,-1.9533645,1.2356441,-0.2993701,-0.8761124,-0.6061221,1.0825642,-1.281229,0.93170345,-0.20379177,0.72299284,-2.0245385,0.006364637,-0.8891748,2.7825599,1.0300332,0.757207,-0.126726,-0.890437,0.12077978,1.6860685,0.9217866,0.04656585,EKVX
-0.49322778,-0.82254016,-1.8781664,1.849649,-0.49929786,0.71915674,-1.2996783,-1.255734,-0.37798208,-1.0986924,0.36434698,0.6535228,1.5952429,-0.20067585,-0.3976476,-0.04798639,0.53531396,-1.7112693,1.4102466,-1.4667176,0.67056674,1.605444,0.27814642,1.7040439,1.2092199,-0.06565807,-0.1424133,-0.27563387,0.9146057,-1.6469413,0.99615324,-2.7268672,1.4299552,1.549666,-1.3573171,1.0575551,-0.023692269,-0.04478362,-0.885359,0.79449564,0.15407163,-0.2881421,2.0202513,-1.5406219,-1.3950204,0.19224145,0.7250803,0.29522043,-1.5884267,0.08650777,-0.9408218,-2.2078476,1.2469774,-2.7612746,0.5725246,0.27387187,-0.13247308,-0.73822427,-1.0312425,-0.3256619,0.38096288,-1.7555132,0.9281088,-1.8817376,-0.17340063,0.60004365,-0.37300998,-0.4474138,1.7935215,0.7242321,0.012971601,0.8393551,0.220317,-1.1280763,0.6143273,-1.1378549,-0.85308766,0.6971368,-0.5731675,0.14172253,0.1296588,0.9366846,-0.47703636,-0.7176735,-0.3308043,-0.37749928,1.3454585,-1.3513911,-0.8887461,2.4403589,0.12953983,-0.68812245,-0.30318567,-0.83750325,-0.38495192,0.10264861,-1.8736697,2.1600032,-1.0835917,-0.6899792,-0.85651135,1.5571144,-0.25257954,0.34675685,-0.900428,-0.49697325,-0.49506724,0.33293098,-0.85732865,-1.3070673,1.0823668,0.89625883,OVCAR-5
-1.1185169,0.17465448,-0.81431013,-0.40481362,0.09162017,1.5813363,0.30602467,-1.3386062,-0.1861418,0.7541387,-0.67237115,0.28707698,0.8167044,-0.8766987,-1.2287099,0.7559464,0.99021477,0.37055773,1.1667548,1.7953047,0.91597,-1.5067605,0.8088892,-0.74951226,0.13612247,0.97744447,1.5875874,-0.47965866,0.7766199,-1.3223845,0.7560577,-1.2402781,0.8987926,0.47557163,0.010232422,-0.29731622,-0.120062366,0.88660425,-0.04034225,0.07117701,1.386853,-1.1477761,-1.095397,0.1838619,0.06266433,-1.542683,-2.3968658,-0.4093041,1.0884453,-1.0839778,-0.39071766,0.037835427,1.6320333,-0.3043982,-1.6648552,0.0068641906,0.45860565,-0.85715216,-1.0263667,-0.017167734,-0.65210843,2.1138816,-0.92647713,0.03573686,2.3565695,0.59150714,-0.36422595,-0.5386751,1.396943,-1.2453235,-1.0595824,0.25386894,-1.3782336,1.0866435,-1.6861687,0.5337188,-0.9247187,-0.9052079,0.015276952,0.7426498,1.342999,1.9365169,0.24678563,0.7002204,0.10942587,-1.1379296,-0.59764373,-1.0290703,1.0649601,1.2525823,1.2123922,-1.3731455,-2.7512298,-0.83401227,-0.53114396,-0.43137237,-0.9447629,-0.93902516,-0.38302338,0.7027772,-0.3623304,-0.46271402,0.5984041,0.06226039,-1.8838278,-0.63857967,0.92989033,-0.9703472,-0.6083653,-0.57067233,1.3176736,-1.148219,UO-31
0.6401138,1.5272408,-0.61320275,-0.6344851,-0.44062838,2.2413046,0.65197396,-0.046619218,-0.1734503,0.76641846,-0.76158553,-0.7776804,-0.033999648,0.18648537,0.6947741,0.56675655,-2.3037992,0.51032454,-0.3522376,-2.2156198,-0.31417525,-0.8913126,-0.32189065,-0.24287091,-0.5490475,-0.50417316,0.9065493,1.081078,-1.1225762,0.18300368,-0.37998113,-1.7144085,0.5869557,1.205749,-1.9983025,1.6109395,0.6838347,-1.2328979,0.7086174,-2.0939872,-0.594031,-1.8245401,-2.2714539,-0.6823148,-1.2115409,-1.5806705,-3.524122,0.82032895,1.4589207,-1.2238979,1.1406206,0.732361,1.1739402,-0.124751754,0.09143611,-0.7713397,0.423918,0.25721788,-0.24985737,-0.50813025,-0.5034213,0.5885837,-0.31662688,2.8929765,1.9082218,2.193251,1.843095,-2.963523,-0.38331518,3.2692974,-1.1350679,-2.4923506,-2.0250945,2.308806,0.1547132,-0.7914357,-0.48923966,0.117238425,-1.322238,-0.17758209,-0.2883855,-0.98145294,0.6828812,-1.5545069,-2.7322595,-0.75042605,-1.1121323,-1.1146121,1.0843096,0.45373216,-0.20743364,2.1734133,0.05420936,0.93369263,-0.39105195,0.11891304,-0.13975357,1.2076367,1.6315395,-0.44598034,-2.0770948,1.8276285,0.078412905,1.390231,1.2763002,-2.3354032,0.46590483,0.5464926,1.9506979,1.662243,-0.60293347,-1.8766211,TK-10
-1.858434,1.5642332,-0.46459478,0.07211404,-1.0821323,0.5990027,-0.3448754,-1.2874017,0.3285491,0.66492176,0.78893214,-0.22807851,0.7655181,-0.83772045,-0.57348853,0.80071706,1.2954022,-0.6664858,1.4783474,-0.70912576,-0.7455814,-0.6498508,2.6861284,-0.12320309,-1.212476,-0.3484219,-1.4078468,-0.85639787,1.0742717,-1.405093,0.14716604,-0.652114,0.37865725,0.4701276,1.757197,-0.14059295,-0.18894628,0.32331195,1.0536717,0.577398,-1.0558416,0.20887299,-0.3378633,-0.34987438,0.2751059,-1.1254156,-0.279386,0.4531832,-0.5342427,-0.6703361,0.37740138,0.38182366,0.6813969,-1.3025213,-0.86042583,-2.4044065,0.94449085,-2.316536,-2.180757,0.094613284,0.21139829,-0.5701056,0.40040717,-1.5311725,-0.31967735,1.4889677,0.364314,0.33956757,0.24655628,-0.67330825,-0.2183716,-1.7082853,0.6252169,-0.94076234,0.67028546,-0.69165486,0.30314156,-1.2757937,-0.06576507,-0.105794415,1.5843362,1.1832125,-0.295489,0.8564023,0.56269896,-0.76346266,1.5451399,-1.5877346,-1.6454324,1.1096619,2.5970798,-1.1001437,-1.2322286,0.60355276,-0.86663604,0.008567616,-1.2690877,-0.45484164,1.2265983,0.22942428,-0.66266745,0.92354745,0.61938,-0.39114702,-0.18039773,0.4802933,-2.1447313,0.34368747,1.4688594,0.5169527,-0.57047755,1.2323595,SF-268
-0.57823807,2.6875489,-2.0575151,1.711333,-2.3002691,2.295967,-0.8682442,0.77246493,-0.12122242,1.73112,-0.8795254,0.31138444,0.22041613,-0.90509146,-1.1829008,-0.698767,2.9823942,0.05956343,-0.1855428,-0.2093347,0.49526134,1.5603498,0.08638382,1.3268789,-0.33604145,-1.1950413,-1.3897985,-0.73228276,0.11804246,-1.1371104,3.2611437,-2.6259127,1.7267716,1.792364,-0.96719205,1.1217618,-1.2856977,2.6510086,0.5850936,0.9751965,-1.0294186,1.2498009,0.415373,-1.8480861,0.7673419,-2.2326202,-0.990158,2.2923508,0.7344435,-0.90102893,-0.55609566,0.61009663,2.8275797,-1.0916542,-0.8265928,0.362324,3.4950058,0.40538722,-0.7713532,-0.30347392,-2.7268202,0.08177087,1.6430329,2.376911,0.87518346,1.3644612,2.8108585,0.6782154,0.65784,2.4205723,-1.8011452,-3.517439,-0.39033026,-0.6127214,-0.97114754,-0.58359826,-1.1283435,1.0880626,0.12104845,1.4311013,-0.21760231,2.6099246,0.7138485,0.870745,-1.2497481,0.7358941,0.7326804,0.41515112,0.13505353,1.2162763,3.5305183,-1.679886,0.25732252,2.4959328,-2.445564,-0.1589421,-1.4003059,2.1635537,-1.0746092,3.417653,1.520171,0.45791185,0.81200486,-1.3931996,0.26426926,-0.24669248,0.44213238,-1.7226461,0.20834051,1.1699859,1.3962018,-0.47754407,SF-539
0.44822934,2.656368,-1.4648153,1.4781927,-0.92050654,1.0736891,-1.0842015,0.38225552,-0.3450176,1.8477907,-0.068061,-0.5651191,-0.5466158,-1.5866065,-0.4012755,-0.7603201,1.9098394,0.41628245,1.0817616,-0.8014004,-0.39042878,-0.3204973,1.3725101,-0.5818084,0.7800873,0.36847836,-0.6223515,-1.0155264,0.09585892,-1.6436307,-0.2938353,-1.2355458,-0.15717061,-0.8318819,1.1040993,0.58149683,0.19648561,1.1419637,1.0441369,-0.1674081,-0.41583946,-1.0422891,-0.64062715,0.3905326,-1.1880858,-1.2718592,-1.0648999,-0.3034937,0.3071037,-3.1405692,-2.1860907,0.054982193,2.567529,-0.3284044,-0.4480564,-0.20161046,1.5766094,-1.4377686,-0.3494687,0.30012858,-1.2176404,0.18818115,-0.7933983,-0.39702392,0.46379572,0.3249383,1.9621233,-1.0716168,0.11653242,-0.19601342,-0.7966018,-0.78621644,-2.493367,1.332156,-1.6974553,-0.16544938,-0.8053194,-0.57440716,-2.4135497,0.46161467,-1.0178419,1.8057587,0.8967764,1.3916833,-1.1464443,1.335686,-0.52865726,-1.129095,0.16340204,-0.6665458,1.9100178,-1.7021981,-1.0987982,0.6185621,-1.7405685,1.3995154,0.3818204,1.1476579,1.6497213,0.1803916,1.2205936,-1.0659784,0.08646639,-0.38153285,-0.54091245,0.42034712,0.33898255,-1.6260127,1.0516505,0.47846428,0.3137959,0.0019089824,SNB-75
-2.16404,-0.06601329,-0.3388097,0.49865535,-0.4924916,1.0852078,0.39498135,-0.34708577,0.40089315,-1.4170239,-0.053737205,-0.44726005,3.3565197,-0.8993468,1.0055327,2.7749507,0.32780957,-0.46544486,0.28053567,-1.3445967,-0.41854066,-0.882957,-0.3527254,2.4145195,1.3576496,0.5046419,-0.7138789,-0.059524126,0.9573771,-0.28454322,1.5524112,-0.066080235,-0.06803631,-0.5351396,-0.31797808,2.522304,-1.0593461,-2.3322344,-0.6203331,1.2623712,-0.51752746,0.88721335,0.8875606,-0.021685125,1.6813787,-0.5214122,1.0645937,-0.7230336,-1.4196397,1.7063926,-2.2957242,-0.025536554,-1.615192,-0.112318166,-0.38394734,-1.8112193,0.8216042,0.21735653,-2.3743222,-0.67548805,0.2658484,-0.41882202,2.87465,0.7677647,1.7514957,0.15003297,-0.20039074,-1.0584449,0.94142145,-2.3070307,0.71336067,0.3666623,-0.06881503,-1.2523696,0.7037528,-0.7492676,0.38580287,-1.653872,3.2409325,1.203948,0.6868595,1.0703024,-0.6140408,-0.13223588,-0.8720789,1.1042707,0.9486762,0.46815392,-0.42108476,-0.06933804,0.8784734,-1.2832139,-0.27210644,0.263118,0.8682715,-1.443609,-3.3793476,0.9395272,-0.7271662,-0.8503405,-0.5445874,0.49258295,0.30689266,1.1751455,-1.4338076,0.24714234,-0.56822276,0.36328787,-0.773067,-1.4904305,1.2226326,-0.07614758,HOP-92
1.6178524,2.1763654,-0.13271588,1.4836565,1.8279357,-1.3223687,-0.08592061,0.50401413,-1.0528431,0.22920103,-1.023078,-0.052395105,0.10198027,0.3598409,0.8752428,-0.22076806,0.5410179,-0.76489663,-1.5834892,-0.4046514,1.4154642,0.44810808,0.8155888,0.49576956,1.1828166,-0.19973923,-0.43490818,1.1502588,-0.9506054,-1.0318437,-0.80135375,0.6137149,0.26425505,2.8790724,-0.72732306,-1.1122614,0.108064875,1.5893867,-0.08430122,1.0801873,1.0244094,-0.041484743,-2.733275,-1.063152,-0.29624262,-1.3236746,-0.17933175,-0.9072915,0.9382465,-0.26453158,-1.2088453,0.65554076,1.5745846,2.0346675,1.0931844,0.60369754,-0.09173718,1.58844,-0.47599515,-0.52074087,-0.6467203,-0.50291127,-2.6731129,1.0973952,-0.25490257,-0.8820238,-0.04170906,0.77131456,-0.746291,2.5978134,0.7551273,-2.417469,-0.180902,1.4202077,-1.8365165,-0.12032174,0.89964783,0.4121773,-1.1449741,0.47562334,-0.79891026,-0.4251134,1.2841138,-1.1787719,0.09699931,1.0235528,-0.18661396,-1.0937531,-0.35737997,-1.4430895,-0.7225375,-0.52504987,-0.5342642,1.109184,-2.3502996,-0.36233923,1.5190556,-0.2949789,0.7871607,0.34025636,0.12261411,-0.5106457,2.633091,0.2783068,-1.4970396,0.39620674,0.20564029,-1.0499297,-1.3390038,-0.8712227,1.3038567,0.21682347,SW-620
0.19449575,1.2384814,0.7040945,1.9156814,1.3733655,0.005464719,0.55236566,0.16630001,-0.32057092,-0.8502361,0.9251328,-0.7700009,0.38259697,0.2838978,-0.14909314,-0.30690324,-0.3249839,1.0566401,0.1298832,-0.74920446,-0.6061153,0.67805696,0.8373198,0.71033186,-0.021135643,0.14106065,-1.8136557,0.7003135,0.70724165,-0.45284078,-0.01807335,1.381694,0.19723527,0.45442575,-0.97454715,0.6725992,0.51297736,0.4794935,-2.5669124,0.96721715,0.27732208,1.2530942,0.7832308,-0.3142228,0.074162364,-0.136983,0.5409593,0.60249984,0.831201,0.4044541,0.5067834,-1.4096402,-1.1830769,0.52818996,0.23461036,0.37402898,0.2128473,0.86348855,-0.7102107,0.15339144,-0.37725365,0.39840156,-0.8042618,-0.4778711,0.3906612,-0.30322686,-0.0871874,2.3876598,-0.14635278,0.45435673,0.3593601,-1.056908,0.98638135,0.4710172,1.4909359,0.6911692,1.4348086,0.5560337,0.37143445,0.8084914,-0.5064927,0.7174388,0.47380102,-0.084115215,-0.9811331,0.09219553,1.8672674,-0.7880399,0.9115284,-1.918581,0.17978433,-1.2166953,1.3329651,-0.6100395,0.22935785,-0.347429,-0.16692771,-0.6019034,-0.42888534,0.18958414,-0.5491061,-0.7612184,-1.1055566,0.095414706,-0.26672077,0.9252112,-0.30970633,-0.014285323,-0.7722783,-0.7698773,-0.108521685,-0.9256444,SK-MEL-2
